Price_log,Area_log,Expenses_per_sqm_sqrt,Subway Station_sqrt,Grocery Store_log,Gym,Bakery_log,Elevator,Balcony,Patio,Fireplace,District_HÃ¶kmossen_Floor_Lo,District_LM-Staden_Floor_Lo,District_Midsommarkransen_Floor_Mid,District_Midsommarkransen_Floor_Hi,District_Telefonplan_Floor_Lo,District_Telefonplan_Floor_Mid,District_Telefonplan_Floor_Hi
15.377856862864524,4.290459441148391,8.360921471935361,21.330729007701542,5.996452088619021,208,5.0689042022202315,1,1,0,0,0,0,0,0,0,1,0
14.77102200299171,4.04305126783455,8.682509136895895,26.324893162176366,6.364750756851911,553,6.637258031284457,0,0,0,0,1,0,0,0,0,0,0
15.135932174933457,3.9318256327243257,9.166221023035462,17.349351572897472,5.4638318050256105,345,4.859812404361672,0,0,0,0,0,1,0,0,0,0,0
14.830741237693333,3.828641396489095,8.266821813759215,19.493588689617926,4.23410650459726,96,5.4680601411351315,1,1,0,0,0,0,0,0,1,0,0
15.29711509888849,4.110873864173311,7.762879303581063,14.696938456699069,4.653960350157523,233,5.545177444479562,1,1,0,0,0,0,0,0,0,1,0
14.817978986079481,3.6375861597263857,8.755661032782855,21.2602916254693,5.564520407322694,121,4.8283137373023015,1,1,0,0,0,0,1,0,0,0,0
14.71159858252091,3.4657359027997265,8.422796451964008,20.29778313018444,4.983606621708336,2,5.1647859739235145,1,1,0,0,0,0,0,0,1,0,0
15.346986928928663,3.9889840465642745,9.071730611977864,12.649110640673518,5.220355825078324,668,5.455321115357702,0,0,0,1,0,0,0,0,0,0,0
14.769097074582126,3.6888794541139363,9.205976319760984,28.442925306655784,6.568077911411976,525,6.734591659972948,0,0,0,0,1,0,0,0,0,0,0
15.60727002719233,4.382026634673881,8.235593481953805,15.84297951775486,4.31748811353631,169,5.25227342804663,1,1,0,0,0,0,0,0,0,1,0
14.832551192938572,3.5553480614894135,9.57078889120432,19.519221295943137,5.730099782973574,309,5.017279836814924,0,0,0,0,0,1,0,0,0,0,0
14.92242164944708,3.5553480614894135,9.57078889120432,20.639767440550294,5.3471075307174685,381,5.5134287461649825,0,0,0,0,0,1,0,0,0,0,0
14.703401815316731,3.784189633918261,8.875400119021522,27.568097504180443,6.6240652277998935,430,6.802394763324311,0,0,0,0,1,0,0,0,0,0,0
14.830741237693333,3.4965075614664802,8.908253540479407,18.867962264113206,5.517452896464707,495,5.799092654460526,1,0,0,0,0,0,0,0,0,0,0
14.808762330974558,3.5553480614894135,8.5774869198428,17.146428199482248,5.5254529391317835,77,4.02535169073515,1,1,0,0,0,0,1,0,0,0,0
15.60727002719233,4.2626798770413155,7.571701961296973,19.949937343260004,5.420534999272286,32,4.007333185232471,1,1,0,0,0,0,0,0,0,0,0
15.573368475516649,4.155753190350744,8.399056398212556,15.937377450509228,4.61512051684126,157,5.0369526024136295,1,1,0,0,0,0,0,0,0,1,0
15.732433170146335,4.736198448394496,7.112504432212722,16.911534525287763,5.455321115357702,322,5.480638923341991,1,0,0,0,0,0,0,0,0,0,0
14.950133284155417,3.7612001156935624,8.54400374531753,19.261360284258224,5.3706380281276624,222,4.983606621708336,0,1,0,0,0,0,0,0,0,0,0
14.946912669455374,3.6635616461296463,8.548336133331821,16.06237840420901,5.25227342804663,125,4.418840607796598,1,1,0,0,0,0,0,0,1,0,0
15.137266397946593,3.9318256327243257,8.198517321717983,14.317821063276353,5.093750200806762,246,5.147494476813453,0,0,0,0,0,1,0,0,0,0,0
14.797589030376432,3.6109179126442243,8.520474097117795,16.06237840420901,5.442417710521793,113,4.418840607796598,1,1,0,0,0,0,0,0,1,0,0
15.671808548329901,4.269697449699962,8.970815151117788,17.4928556845359,5.356586274672012,312,5.429345628954441,1,1,0,0,0,0,0,0,0,0,0
14.75160391713461,3.5409593240373143,9.769814499892966,14.491376746189438,5.075173815233827,269,5.003946305945459,0,0,0,0,0,1,0,0,0,0,0
14.48333993053993,3.091042453358316,10.01283760959137,19.77371993328519,5.765191102784844,363,5.111987788356544,0,0,0,0,0,1,0,0,0,0,0
15.606436346443752,4.356708826689592,7.957598919699435,20.8806130178211,5.594711379601839,366,5.808142489980444,0,1,0,0,0,0,0,0,0,0,0
15.524793805368091,4.127134385045092,7.801984859119856,16.881943016134134,5.442417710521793,383,5.6937321388027,0,0,0,1,0,0,0,0,0,0,0
15.001828427051489,3.9318256327243257,9.109357395385404,18.49324200890693,5.598421958998375,248,4.787491742782046,0,0,0,0,0,1,0,0,0,0,0
14.852247442914296,3.6375861597263857,9.617692030835672,13.0,5.0689042022202315,501,4.948759890378168,0,0,0,0,0,0,0,0,0,0,0
15.473738634567807,4.324132656254979,7.602718231219098,14.071247279470288,4.770684624465665,235,5.480638923341991,0,0,0,0,0,0,0,0,1,0,0
14.977097645793773,3.9512437185814275,9.115017001971886,17.175564037317667,5.438079308923196,310,5.429345628954441,0,1,0,0,0,0,0,0,0,0,0
15.837720153688977,4.51085950651685,7.098986152656194,11.489125293076057,4.330733340286331,215,4.859812404361672,1,1,0,0,0,0,0,0,1,0,0
15.285686403064867,4.110873864173311,7.762879303581063,14.177446878757825,4.74493212836325,232,5.4680601411351315,1,1,0,0,0,0,0,0,1,0,0
14.880221294956703,3.5553480614894135,8.5774869198428,17.146428199482248,5.5254529391317835,77,4.02535169073515,1,1,0,0,0,0,0,0,0,0,0
15.118423310145113,3.9318256327243257,9.342922245123919,20.97617696340303,5.375278407684165,431,5.817111159963204,0,0,0,0,0,1,0,0,0,0,0
14.978661367769956,3.624340932976365,7.095693113395877,18.708286933869708,5.159055299214529,271,5.225746673713202,1,0,0,0,0,0,0,0,0,0,0
14.888805038648094,3.8501476017100584,8.519064977161895,21.354156504062622,5.834810737062605,291,5.676753802268282,0,1,0,0,0,0,0,0,0,0,0
14.978661367769956,3.828641396489095,9.024122262508175,21.79449471770337,5.8971538676367405,384,5.501258210544727,0,0,0,0,0,0,0,0,0,0,0
14.880910712426271,3.970291913552122,8.55513655180288,19.595917942265423,4.430816798843313,69,5.365976015021851,1,0,0,0,0,0,0,0,1,0,0
14.769097074582126,3.8815637979434374,8.037037759599201,13.114877048604,4.941642422609304,617,4.5217885770490405,0,0,0,0,0,0,0,0,0,0,0
14.71972870860416,3.6888794541139363,8.6103135831397,10.44030650891055,4.48863636973214,564,4.174387269895637,0,0,1,0,0,0,0,0,0,0,0
14.77102200299171,4.127134385045092,8.875482721992483,28.106938645110393,6.692083742506628,488,6.872128101338986,0,0,0,0,1,0,0,0,0,0,0
15.424948470398375,4.189654742026425,8.399056398212556,15.937377450509228,4.61512051684126,157,5.0369526024136295,1,0,0,0,0,0,0,0,1,0,0
15.464169183551656,4.290459441148391,8.360921471935361,21.330729007701542,5.996452088619021,208,5.0689042022202315,1,1,0,0,0,0,0,0,0,1,0
14.956543562516336,3.713572066704308,8.154327572605288,7.681145747868608,4.5217885770490405,538,4.890349128221754,0,0,0,0,0,0,0,0,0,0,0
14.930652148583594,3.6635616461296463,8.265758116938171,17.291616465790582,5.342334251964811,84,3.6888794541139363,0,0,0,0,0,0,0,0,0,1,0
14.717702365458928,3.58351893845611,8.146232939899958,22.891046284519195,5.8664680569332965,331,6.42648845745769,0,0,0,0,1,0,0,0,0,0,0
15.068273526459642,3.784189633918261,8.548336133331821,16.06237840420901,5.25227342804663,125,4.418840607796598,1,1,0,0,0,0,0,0,1,0,0
15.110237725558674,3.7376696182833684,7.374981415379498,19.209372712298546,5.099866427824199,249,5.099866427824199,1,0,0,0,0,0,0,0,0,0,0
14.575147479793053,3.295836866004329,9.04424682731518,19.0,4.890349128221754,58,4.836281906951478,1,1,0,0,0,0,0,0,1,0,0
14.930652148583594,3.871201010907891,8.5774869198428,17.146428199482248,5.5254529391317835,77,4.02535169073515,1,0,0,0,0,0,0,0,0,0,0
15.820363242653038,4.634728988229636,7.615773105863909,19.621416870348583,5.631211781821365,218,5.093750200806762,0,1,0,0,0,0,0,0,0,0,0
15.179047931961549,4.1666652238017265,8.037037759599201,13.114877048604,4.941642422609304,617,4.5217885770490405,1,1,0,0,0,0,0,0,0,0,0
14.880221294956703,3.5553480614894135,8.536909144063216,10.14889156509222,4.343805421853684,586,3.784189633918261,0,0,0,0,0,0,0,0,0,0,0
14.70134208235372,3.4657359027997265,8.422796451964008,20.29778313018444,4.983606621708336,2,5.1647859739235145,1,1,0,0,0,0,0,0,0,1,0
15.053884789007542,3.9512437185814275,8.520474097117795,16.06237840420901,5.442417710521793,113,4.418840607796598,1,0,0,0,0,0,0,0,1,0,0
14.7632999568978,3.8066624897703196,8.349318002753945,24.657656011875904,6.267200548541362,509,6.54534966033442,0,1,0,0,1,0,0,0,0,0,0
15.103364846270912,3.8066624897703196,7.631804796012831,21.330729007701542,5.424950017481403,86,3.912023005428146,1,1,0,0,0,0,0,0,0,0,0
14.798711995121057,3.4657359027997265,9.04424682731518,19.0,4.890349128221754,58,4.836281906951478,1,1,0,0,0,0,0,0,0,0,1
14.75160391713461,3.5409593240373143,9.769814499892966,14.491376746189438,5.075173815233827,269,5.003946305945459,0,0,0,0,0,1,0,0,0,0,0
14.954944841152638,3.713572066704308,8.089439065240796,20.346989949375804,5.093750200806762,389,5.733341276897746,0,1,0,0,0,1,0,0,0,0,0
14.77677465548116,3.4339872044851463,10.740086701958761,14.696938456699069,5.43372200355424,756,5.598421958998375,1,1,0,0,0,0,0,0,0,0,0
14.77868487573728,3.784189633918261,8.875400119021522,27.568097504180443,6.6240652277998935,430,6.802394763324311,0,0,0,0,1,0,0,0,0,0,0
15.610597817285004,4.297285406218791,8.939707341235438,17.74823934929885,5.5053315359323625,196,4.74493212836325,1,1,0,0,0,0,0,0,1,0,0
15.068273526459642,3.871201010907891,9.399689711190826,17.46424919657298,5.541263545158426,287,5.356586274672012,0,0,0,0,0,0,0,0,0,0,0
14.836161305162673,3.5409593240373143,9.769814499892966,19.078784028338912,4.844187086458591,240,5.3706380281276624,0,0,0,0,0,1,0,0,0,0,0
15.482273537017644,4.418840607796598,7.816417692406713,22.40535650240808,5.998936561946683,217,5.303304908059076,1,1,0,0,0,0,0,0,0,1,0
14.827111469642754,3.8501476017100584,8.519064977161895,21.540659228538015,5.82600010738045,297,5.655991810819852,0,0,0,0,0,0,0,0,0,0,0
15.538277155705378,4.382026634673881,8.813342158341522,18.35755975068582,5.602118820879701,175,5.003946305945459,1,1,0,0,0,0,0,0,1,0,0
15.02447090380125,3.9512437185814275,9.151502608861563,16.583123951777,5.488937726156687,335,5.529429087511423,1,0,0,0,0,0,0,0,0,0,0
14.98644350821201,3.7376696182833684,9.934308037829117,13.114877048604,5.159055299214529,750,5.3230099791384085,0,0,0,0,0,0,0,0,0,0,0
14.862829552244833,3.828641396489095,8.266821813759215,19.493588689617926,4.23410650459726,96,5.4680601411351315,1,1,0,0,0,0,0,0,0,1,0
15.768538174788452,4.5217885770490405,9.271860185763579,21.72556098240043,4.290459441148391,299,5.497168225293202,0,0,0,0,0,1,0,0,0,0,0
15.60727002719233,4.248495242049359,7.423899629863386,21.61018278497431,5.288267030694535,107,3.6109179126442243,1,1,0,0,0,0,0,0,0,0,0
14.897315728316002,3.8066624897703196,7.8846988181030975,19.183326093250876,5.575949103146316,302,5.945420608606575,1,1,0,0,0,0,0,0,0,0,0
15.424948470398375,4.394449154672439,8.307366952230552,22.627416997969522,5.932245187448011,238,5.356586274672012,1,1,0,0,0,0,0,0,1,0,0
14.808762330974558,3.6635616461296463,8.755661032782855,21.2602916254693,5.564520407322694,121,4.8283137373023015,1,1,0,0,0,0,0,0,0,0,0
15.007916725918745,3.8918202981106265,9.141045979637576,17.86057109949175,5.556828061699537,121,5.123963979403259,1,1,0,0,0,0,0,0,1,0,0
15.590462908875947,4.276666119016055,7.349414186783113,13.45362404707371,5.293304824724492,719,5.488937726156687,0,1,0,0,0,0,0,0,0,0,0
14.827111469642754,3.828641396489095,8.266821813759215,19.493588689617926,4.23410650459726,96,5.4680601411351315,1,0,0,0,0,0,0,0,1,0,0
14.73180128983843,3.5553480614894135,9.57078889120432,21.494185260204677,5.214935757608986,402,5.814130531825066,0,0,0,0,0,1,0,0,0,0,0
14.808762330974558,3.5553480614894135,9.57078889120432,16.55294535724685,5.308267697401205,311,4.07753744390572,0,0,0,0,0,1,0,0,0,0,0
15.082458161451598,3.817712325956905,8.250319119147184,15.905973720586866,4.477336814478207,161,5.135798437050262,1,1,0,0,0,0,0,0,1,0,0
14.769097074582126,3.5553480614894135,9.57078889120432,18.627936010197157,5.616771097666572,331,4.795790545596741,0,0,0,0,0,1,0,0,0,0,0
14.930652148583594,3.970291913552122,8.55513655180288,19.595917942265423,4.430816798843313,69,5.365976015021851,1,1,0,0,0,0,0,0,0,1,0
15.272962113400492,4.01096295328305,8.55513655180288,19.595917942265423,4.430816798843313,69,5.365976015021851,0,0,0,0,0,0,0,0,1,0,0
14.54739756684015,3.295836866004329,9.04424682731518,19.0,4.890349128221754,58,4.836281906951478,1,1,0,0,0,0,0,0,1,0,0
14.715671907908545,3.4657359027997265,9.04424682731518,19.0,4.890349128221754,58,4.836281906951478,1,1,0,0,0,0,0,0,1,0,0
14.827111469642754,3.5553480614894135,8.5774869198428,17.146428199482248,5.5254529391317835,77,4.02535169073515,0,0,0,0,0,0,0,0,0,0,0
14.930652148583594,3.4657359027997265,7.229280738773395,13.92838827718412,5.187385805840755,786,5.241747015059643,0,0,0,0,0,0,0,0,0,0,0
15.201804919084164,3.8918202981106265,7.099870651308101,14.832396974191326,5.030437921392435,186,4.343805421853684,1,1,0,0,0,0,0,0,1,0,0
14.827111469642754,3.828641396489095,8.55513655180288,19.595917942265423,4.430816798843313,69,5.365976015021851,1,1,0,0,0,0,0,0,1,0,0
15.46704964641701,4.2626798770413155,8.177605972203583,17.029386365926403,5.2574953720277815,165,5.14166355650266,1,0,1,0,0,0,0,0,0,0,0
14.454729396498664,3.091042453358316,10.01283760959137,19.77371993328519,5.765191102784844,363,5.111987788356544,0,1,0,0,0,1,0,0,0,0,0
14.930652148583594,4.02535169073515,8.5638359228961,26.814175355583846,6.4692503167957724,506,6.638567789166521,0,1,0,0,1,0,0,0,0,0,0
15.937772096827038,4.7535901911063645,7.518941598298307,20.73644135332772,5.62040086571715,77,4.532599493153256,1,0,0,0,0,0,0,0,0,0,0
14.806908762325234,3.828641396489095,8.266821813759215,19.493588689617926,4.23410650459726,96,5.4680601411351315,1,0,0,0,0,0,0,0,1,0,0
15.009433026436708,3.9318256327243257,8.198517321717983,16.24807680927192,5.278114659230517,344,4.430816798843313,0,0,0,0,0,1,0,0,0,0,0
14.808762330974558,3.6635616461296463,8.755661032782855,21.2602916254693,5.564520407322694,121,4.8283137373023015,1,0,0,0,0,0,0,0,0,0,0
15.60727002719233,4.276666119016055,8.502613977151052,11.532562594670797,4.890349128221754,717,5.10594547390058,1,1,0,0,0,0,0,0,0,0,0
14.817978986079481,3.6375861597263857,9.629996994042271,12.24744871391589,5.236441962829949,560,5.4680601411351315,0,0,0,0,0,0,0,0,0,0,0
15.272962113400492,4.1588830833596715,8.501275414516895,17.291616465790582,5.303304908059076,260,5.267858159063328,1,0,0,0,0,1,0,0,0,0,0
14.930652148583594,3.784189633918261,9.247565149667194,21.517434791350013,5.918893854273146,271,5.529429087511423,0,1,0,0,0,0,0,0,0,0,0
14.806908762325234,3.6635616461296463,8.5774869198428,17.146428199482248,5.5254529391317835,77,4.02535169073515,1,1,0,0,0,0,0,0,0,0,0
15.310659323996246,4.174387269895637,8.154327572605288,7.681145747868608,4.5217885770490405,538,4.890349128221754,0,0,0,0,0,0,0,0,0,0,0
14.914122846632385,3.784189633918261,7.98008885801519,17.378147196982766,5.0369526024136295,126,4.394449154672439,1,0,1,0,0,0,0,0,1,0,0
15.732433170146335,4.672828834461906,7.716955479278009,18.681541692269406,5.908082938168931,579,6.077642243349034,1,1,0,0,0,0,0,0,0,0,0
15.037814318974933,3.9318256327243257,9.109357395385404,21.494185260204677,5.407171771460119,410,5.62040086571715,0,0,0,0,0,1,0,0,0,0,0
14.862829552244833,3.5263605246161616,7.100124273974531,12.727922061357855,4.718498871295094,178,4.9344739331306915,0,0,0,0,0,0,0,0,1,0,0
14.799459938312244,3.5553480614894135,9.57078889120432,21.02379604162864,5.220355825078324,414,5.8888779583328805,0,0,0,0,0,1,0,0,0,0,0
14.729799287167756,3.4657359027997265,10.04987562112089,12.727922061357855,5.075173815233827,477,5.0238805208462765,0,1,0,0,0,0,0,0,0,0,0
14.73180128983843,3.5263605246161616,8.55513655180288,19.595917942265423,4.430816798843313,69,5.365976015021851,1,1,0,0,0,0,0,0,0,1,0
15.149194968811868,4.0163830207523885,8.72399610890033,22.135943621178654,5.793013608384144,319,5.4638318050256105,1,1,0,0,0,0,0,0,1,0,0
14.887094174244465,3.912023005428146,8.27526434623088,20.322401432901575,6.073044534100405,493,6.20050917404269,0,1,0,0,1,0,0,0,0,0,0
15.830413578506539,4.465908118654584,8.032845696431613,22.11334438749598,5.627621113690637,120,4.663439094112067,1,1,0,0,0,0,0,0,0,0,0
15.110237725558674,4.219507705176107,9.813705901921645,20.784609690826528,4.343805421853684,169,4.68213122712422,1,1,0,0,0,0,1,0,0,0,0
14.907433858481587,3.6888794541139363,8.95802816789032,12.24744871391589,5.135798437050262,442,5.247024072160486,0,1,0,0,0,0,0,0,0,0,0
15.201804919084164,3.871201010907891,6.965689724164674,12.449899597988733,4.8283137373023015,733,4.718498871295094,0,0,0,0,0,0,0,0,0,0,0
14.978661367769956,3.4657359027997265,7.229280738773395,13.92838827718412,5.187385805840755,786,5.241747015059643,0,0,0,0,0,0,0,0,0,0,0
14.994165554305921,3.9318256327243257,9.166221023035462,20.0,4.553876891600541,249,5.356586274672012,0,0,0,0,0,1,0,0,0,0,0
14.780591454007862,3.5553480614894135,8.5774869198428,17.146428199482248,5.5254529391317835,77,4.02535169073515,1,1,0,0,0,0,0,0,0,0,0
15.02447090380125,3.7612001156935624,8.623925615591533,19.131126469708992,5.3471075307174685,229,5.017279836814924,0,1,0,0,0,0,0,0,0,0,0
14.690979295318174,3.58351893845611,7.950366867845365,22.135943621178654,5.796057750765372,304,6.35088571671474,0,0,0,0,1,0,0,0,0,0,0
14.75160391713461,3.7495040759303713,8.863009713210891,22.58317958127243,6.12029741895095,461,6.42648845745769,0,0,0,0,1,0,0,0,0,0,0
15.096444403426338,3.9318256327243257,9.166221023035462,12.165525060596439,4.6443908991413725,283,5.030437921392435,0,0,0,0,0,1,0,0,0,0,0
14.852247442914296,3.828641396489095,8.422796451964008,20.29778313018444,4.983606621708336,2,5.1647859739235145,1,1,0,0,0,0,0,0,0,1,0
15.285686403064867,4.060443010546419,9.526731899746899,13.2664991614216,5.293304824724492,417,5.402677381872279,1,0,0,0,0,0,0,0,0,0,0
15.580241354804409,4.276666119016055,8.27982823224948,21.563858652847824,6.013715156042802,200,5.10594547390058,1,1,0,0,0,0,0,0,0,0,1
14.808762330974558,3.828641396489095,8.55513655180288,19.595917942265423,4.430816798843313,69,5.365976015021851,0,1,0,0,0,0,0,0,1,0,0
14.827111469642754,4.127134385045092,8.875482721992483,28.106938645110393,6.692083742506628,488,6.872128101338986,0,0,0,0,1,0,0,0,0,0,0
15.031905882288767,3.7376696182833684,8.023774198028779,21.748563170931547,5.634789603169249,106,4.634728988229636,1,0,0,0,0,0,0,0,0,0,0
14.836161305162673,3.5409593240373143,9.769814499892966,12.84523257866513,4.727387818712341,294,4.882801922586371,0,0,0,0,0,1,0,0,0,0,0
14.827111469642754,3.5553480614894135,9.342922245123919,20.97617696340303,5.375278407684165,431,5.817111159963204,0,0,0,0,0,1,0,0,0,0,0
15.225277275269306,4.135166556742356,8.548336133331821,16.06237840420901,5.25227342804663,125,4.418840607796598,1,0,1,0,0,0,0,0,1,0,0
14.880221294956703,3.5553480614894135,9.57078889120432,18.947295321496416,5.655991810819852,274,4.875197323201151,0,0,0,0,0,1,0,0,0,0,0
14.827111469642754,3.8066624897703196,8.266821813759215,19.493588689617926,4.23410650459726,96,5.4680601411351315,1,1,0,0,0,0,0,0,0,1,0
14.880221294956703,3.979681653901961,8.918111362860067,24.879710609249457,6.152732694704104,454,6.595780513961311,0,1,0,0,1,0,0,0,0,0,0
15.627889314395064,4.3694478524670215,7.248320995522913,21.118712081942874,5.332718793265369,377,5.991464547107982,1,1,0,0,0,0,0,0,0,0,0
15.330637790927133,4.04305126783455,7.374981415379498,19.209372712298546,5.099866427824199,249,5.099866427824199,1,1,0,0,0,0,0,0,0,0,0
14.85578726961942,3.828641396489095,8.422796451964008,20.29778313018444,4.983606621708336,2,5.1647859739235145,1,1,0,0,0,0,0,0,0,1,0
14.830741237693333,3.8501476017100584,8.265758116938171,17.291616465790582,5.342334251964811,84,3.6888794541139363,1,1,0,0,0,0,0,0,1,0,0
16.06943047897704,4.663439094112067,7.937848194710211,17.435595774162696,5.631211781821365,470,5.953243334287785,0,0,0,1,0,0,0,0,0,0,0
14.845129975145433,3.5553480614894135,9.57078889120432,21.97726097583591,5.0106352940962555,373,5.7745515455444085,0,0,0,0,0,1,0,0,0,0,0
14.866332182796036,3.6635616461296463,8.594104249927845,11.180339887498949,4.532599493153256,701,4.406719247264253,0,0,0,0,0,0,0,0,0,0,0
15.29711509888849,4.127134385045092,7.979487784593906,17.635192088548397,5.170483995038151,104,4.060443010546419,1,1,0,0,0,0,0,0,1,0,0
15.082458161451598,3.7376696182833684,7.693534700674079,21.0,4.852030263919617,128,3.970291913552122,0,1,0,0,0,0,0,0,0,0,0
15.03928598958639,3.9318256327243257,9.166221023035462,15.0996688705415,5.056245805348308,218,3.7612001156935624,0,0,0,0,0,1,0,0,0,0,0
14.761360092079974,3.784189633918261,9.612964730461197,27.27636339397171,6.361302477572996,568,6.71295620067707,0,1,0,0,1,0,0,0,0,0,0
15.201804919084164,4.04305126783455,9.330293991344124,20.97617696340303,5.267858159063328,376,5.58724865840025,0,0,0,0,0,1,0,0,0,0,0
14.77102200299171,3.5409593240373143,8.739382792520471,15.198684153570664,5.062595033026967,265,1.3862943611198906,0,0,0,0,0,1,0,0,0,0,0
14.862829552244833,3.5409593240373143,9.769814499892966,11.958260743101398,4.465908118654584,312,4.844187086458591,0,0,0,0,0,1,0,0,0,0,0
14.845129975145433,3.9982007016691985,8.834876675515037,26.832815729997478,6.418364935936212,542,6.658011045870748,0,1,0,0,1,0,0,0,0,0,0
14.848695041309929,3.5553480614894135,9.57078889120432,21.633307652783937,5.575949103146316,450,5.627621113690637,0,0,0,0,0,1,0,0,0,0,0
16.00156183470237,4.605170185988092,7.990619500389191,17.46424919657298,5.723585101952381,502,5.966146739123692,0,0,0,1,0,0,0,0,0,0,0
14.806908762325234,3.7612001156935624,7.8846988181030975,19.183326093250876,5.575949103146316,302,5.945420608606575,1,0,1,0,0,0,0,0,0,0,0
14.848695041309929,3.828641396489095,8.55513655180288,19.595917942265423,4.430816798843313,69,5.365976015021851,1,1,0,0,0,0,0,0,0,0,1
14.914122846632385,3.6635616461296463,8.224416431639733,8.774964387392123,4.584967478670572,516,4.844187086458591,0,0,0,0,0,0,0,0,0,0,0
14.73180128983843,3.4965075614664802,8.55513655180288,19.595917942265423,4.430816798843313,69,5.365976015021851,1,1,0,0,0,0,0,0,1,0,0
15.547166103122624,4.248495242049359,6.903415303829175,21.071307505705477,5.420534999272286,149,4.477336814478207,1,1,0,1,0,0,1,0,0,0,0
15.059665151923042,3.970291913552122,8.5774869198428,17.146428199482248,5.5254529391317835,77,4.02535169073515,0,0,0,0,0,0,0,0,0,0,0
15.009433026436708,3.784189633918261,8.242076084447303,18.734993995195193,5.313205979041787,78,3.7612001156935624,1,0,0,0,0,0,0,0,1,0,0
14.77102200299171,3.7495040759303713,9.077444574328174,24.758836806279895,6.049733455231958,409,6.591673732008658,0,1,0,0,1,0,0,0,0,0,0
14.880221294956703,3.6888794541139363,8.608742633825786,10.535653752852738,4.406719247264253,597,3.7376696182833684,0,0,0,0,0,0,0,0,0,0,0
15.414898134544874,3.8501476017100584,8.255236893645922,15.0996688705415,5.579729825986222,555,5.749392985908253,0,0,0,1,0,0,0,0,0,0,0
15.606436346443752,4.290459441148391,7.283872220223796,21.02379604162864,5.187385805840755,93,2.1972245773362196,1,1,0,1,0,0,1,0,0,0,0
14.961324448116677,3.9889840465642745,8.55513655180288,19.595917942265423,4.430816798843313,69,5.365976015021851,1,0,1,0,0,0,0,0,1,0,0
15.009433026436708,3.7727609380946383,8.548336133331821,16.06237840420901,5.25227342804663,125,4.418840607796598,1,0,0,0,0,0,0,0,0,1,0
14.978036172376036,3.9318256327243257,9.109357395385404,18.303005217723125,5.568344503761097,256,4.6913478822291435,0,0,0,0,0,1,0,0,0,0,0
15.228933586472417,4.174387269895637,8.520474097117795,16.06237840420901,5.442417710521793,113,4.418840607796598,1,1,0,0,0,0,0,0,1,0,0
14.862829552244833,3.828641396489095,8.422796451964008,20.29778313018444,4.983606621708336,2,5.1647859739235145,1,1,0,0,0,0,0,0,0,0,1
14.827111469642754,3.7495040759303713,8.863009713210891,22.58317958127243,6.12029741895095,461,6.42648845745769,0,1,0,0,1,0,0,0,0,0,0
15.505606373415828,4.248495242049359,8.608742633825786,10.535653752852738,4.406719247264253,597,3.7376696182833684,0,0,0,0,0,0,0,0,0,0,0
15.319587954740548,4.204692619390966,8.95802816789032,12.24744871391589,5.135798437050262,442,5.247024072160486,0,1,0,0,0,0,0,0,0,0,0
15.454507272639919,4.290459441148391,8.297548738542796,20.615528128088304,6.021023349349527,174,4.836281906951478,1,1,0,0,0,0,0,0,1,0,0
15.02447090380125,3.4657359027997265,9.669539802906858,7.745966692414834,4.343805421853684,535,4.653960350157523,0,0,0,0,0,0,0,0,0,0,0
15.009433026436708,3.784189633918261,8.752921590168414,12.68857754044952,5.135798437050262,446,5.176149732573829,0,1,0,0,0,0,0,0,0,0,0
14.77102200299171,3.7495040759303713,9.077444574328174,24.758836806279895,6.049733455231958,409,6.591673732008658,0,1,0,0,1,0,0,0,0,0,0
15.55158112133174,4.30406509320417,7.979487784593906,17.635192088548397,5.170483995038151,104,4.060443010546419,1,1,0,0,0,0,0,0,0,1,0
14.73180128983843,3.6888794541139363,9.205976319760984,28.6705423736629,6.593044534142437,519,6.742880635791903,0,0,0,0,1,0,0,0,0,0,0
15.137266397946593,4.04305126783455,8.267458932040876,22.02271554554524,6.040254711277414,198,5.220355825078324,1,1,0,0,0,0,0,0,0,1,0
14.75160391713461,3.5553480614894135,9.57078889120432,19.697715603592208,5.583496308781699,403,5.241747015059643,0,0,0,0,0,1,0,0,0,0,0
15.053884789007542,3.784189633918261,7.979487784593906,17.635192088548397,5.170483995038151,104,4.060443010546419,1,1,0,0,0,0,0,0,0,1,0
14.508657738524219,3.4339872044851463,10.740086701958761,14.696938456699069,5.43372200355424,756,5.598421958998375,0,0,0,0,0,0,0,0,0,0,0
15.590462908875947,4.2626798770413155,7.358046280801891,12.806248474865697,5.214935757608986,694,5.438079308923196,0,1,0,0,0,0,0,0,0,0,0
15.454507272639919,4.276666119016055,8.27982823224948,21.563858652847824,6.013715156042802,200,5.10594547390058,1,1,0,0,0,0,0,0,0,1,0
15.520258650202699,4.343805421853684,8.898416610938048,14.38749456993816,5.135798437050262,741,4.875197323201151,1,0,0,1,0,0,0,0,0,0,0
15.27412558066379,3.8918202981106265,7.9910664405411405,17.663521732655695,5.634789603169249,476,5.968707559985366,0,0,0,1,0,0,0,0,0,0,0
15.394489262913666,4.350277936359301,8.904134595974266,14.142135623730951,5.093750200806762,726,4.795790545596741,0,1,0,0,0,0,0,0,0,0,0
15.623799329143539,4.290459441148391,8.032845696431613,22.11334438749598,5.627621113690637,120,4.663439094112067,1,0,0,0,0,0,0,0,0,0,0
14.638369345045877,3.295836866004329,9.04424682731518,19.0,4.890349128221754,58,4.836281906951478,1,0,0,0,0,0,0,0,0,0,1
14.871563232213587,3.5409593240373143,9.769814499892966,19.72308292331602,4.653960350157523,245,5.356586274672012,0,0,0,0,0,1,0,0,0,0,0
15.46609041372955,4.483002552013883,7.5688926266145655,14.52583904633395,4.890349128221754,201,5.117993812416755,1,1,0,0,0,0,0,0,1,0,0
15.590462908875947,4.356708826689592,8.852060458389017,18.110770276274835,5.598421958998375,105,5.225746673713202,1,1,0,0,0,0,0,0,0,1,0
15.64005985001532,4.139955073474153,6.463419211714583,18.681541692269406,5.003946305945459,82,4.605170185988092,1,1,0,0,0,0,0,0,1,0,0
14.845129975145433,3.713572066704308,9.032172461419362,12.206555615733702,4.890349128221754,537,4.672828834461906,0,0,0,0,0,0,0,0,0,0,0
15.65606019136176,4.343805421853684,6.463419211714583,18.681541692269406,5.003946305945459,82,4.605170185988092,1,1,0,0,0,0,0,0,1,0,0
15.81021087118902,4.477336814478207,6.957664184846155,17.86057109949175,5.8289456176102075,542,6.003887067106539,0,0,0,0,0,0,0,0,0,0,0
14.808762330974558,3.4011973816621555,8.5774869198428,17.146428199482248,5.5254529391317835,77,4.02535169073515,1,0,0,0,0,0,0,1,0,0,0
14.739769459487606,3.7376696182833684,9.001322654133087,26.60826939130014,6.349138991379798,559,6.664409020350408,0,1,0,0,1,0,0,0,0,0,0
15.955576721460545,4.553876891600541,7.878685436703658,19.131126469708992,5.869296913133774,570,6.061456918928017,1,0,0,0,0,0,0,0,0,0,0
14.946912669455374,3.784189633918261,8.752921590168414,16.0,5.583496308781699,359,5.5909869805108565,0,1,0,0,0,0,0,0,0,0,0
15.163583706263967,4.330733340286331,8.037037759599201,13.114877048604,4.941642422609304,617,4.5217885770490405,1,0,1,0,0,0,0,0,0,0,0
14.930652148583594,3.7612001156935624,8.583380371663088,18.841443681416774,5.293304824724492,244,5.093750200806762,0,1,0,0,0,0,0,0,0,0,0
15.201804919084164,3.871201010907891,7.997395409340052,17.635192088548397,5.3706380281276624,387,5.707110264748875,0,0,0,1,0,0,0,0,0,0,0
14.930652148583594,3.9982007016691985,8.834876675515037,26.832815729997478,6.418364935936212,542,6.658011045870748,0,1,0,0,1,0,0,0,0,0,0
14.932290150587832,3.6635616461296463,8.224416431639733,8.06225774829855,4.418840607796598,529,4.709530201312334,0,0,0,0,0,0,0,0,0,0,0
15.970175520881698,4.757891273005756,7.879456637984071,14.866068747318506,4.6443908991413725,194,5.241747015059643,1,1,0,0,0,0,0,0,0,1,0
15.515702833666838,4.465908118654584,8.536909144063216,10.14889156509222,4.343805421853684,586,3.784189633918261,0,0,0,0,0,0,0,0,0,0,0
14.85578726961942,3.7612001156935624,7.9504278077083,20.639767440550294,5.713732805509369,337,6.272877006546167,0,0,0,0,1,0,0,0,0,0,0
14.845129975145433,3.784189633918261,8.929012976094992,14.89966442575134,5.438079308923196,394,5.442417710521793,0,1,0,0,0,0,0,0,0,0,0
15.473738634567807,4.297285406218791,7.81962543541015,14.0,4.795790545596741,224,5.37989735354046,1,1,0,0,0,0,0,0,0,1,0
15.538277155705378,4.204692619390966,7.571701961296973,19.949937343260004,5.420534999272286,32,4.007333185232471,1,1,0,0,0,0,0,0,0,0,0
14.73180128983843,3.295836866004329,10.740086701958761,14.696938456699069,5.43372200355424,756,5.598421958998375,1,1,0,0,0,0,0,0,0,0,0
15.238618892206881,4.1666652238017265,8.057929793572264,13.114877048604,4.962844630259907,605,4.564348191467836,1,0,0,0,0,0,0,0,0,0,0
15.123843377614453,3.9318256327243257,9.109357395385404,19.672315572906,4.553876891600541,219,5.214935757608986,0,0,0,0,0,1,0,0,0,0,0
14.808762330974558,3.4339872044851463,8.98924088079206,16.186414056238647,5.645446897643238,762,5.7899601708972535,0,0,0,0,0,0,0,0,0,0,0
14.648419680899378,3.7495040759303713,8.949531699874514,24.55605831561735,6.028278520230698,399,6.57507584059962,0,1,0,0,1,0,0,0,0,0,0
14.905754596961867,3.5553480614894135,8.536909144063216,10.14889156509222,4.343805421853684,586,3.784189633918261,0,0,0,0,0,0,0,0,0,0,0
14.828928000569151,3.828641396489095,8.422796451964008,20.29778313018444,4.983606621708336,2,5.1647859739235145,1,1,0,0,0,0,0,0,1,0,0
14.735793311107967,3.6109179126442243,8.422796451964008,20.29778313018444,4.983606621708336,2,5.1647859739235145,1,1,0,0,0,0,0,0,0,1,0
14.808762330974558,3.4011973816621555,8.520474097117795,16.06237840420901,5.442417710521793,113,4.418840607796598,1,1,0,0,0,0,0,0,0,0,1
14.790070197962406,3.828641396489095,8.55513655180288,19.595917942265423,4.430816798843313,69,5.365976015021851,1,0,0,0,0,0,0,0,1,0,0
14.914122846632385,3.58351893845611,8.608742633825786,10.535653752852738,4.406719247264253,597,3.7376696182833684,0,0,0,0,0,0,0,0,0,0,0
15.49260711887219,4.219507705176107,9.169161870736316,19.82422760159901,5.529429087511423,323,5.902633333401366,0,1,0,0,0,0,0,0,0,0,0
14.897315728316002,3.7376696182833684,9.032172461419362,12.206555615733702,4.890349128221754,537,4.672828834461906,0,0,0,0,0,0,0,0,0,0,0
15.516615658924199,4.0943445622221,8.502613977151052,11.532562594670797,4.890349128221754,717,5.10594547390058,1,1,0,0,0,0,0,0,0,0,0
15.068273526459642,3.6888794541139363,6.935944606627629,12.206555615733702,4.804021044733257,733,4.762173934797756,0,0,0,0,0,0,0,0,0,0,0
15.163583706263967,3.912023005428146,8.421679218010137,21.283796653792763,5.017279836814924,394,5.805134968916488,1,0,0,0,0,1,0,0,0,0,0
14.827111469642754,3.5553480614894135,8.5774869198428,17.146428199482248,5.5254529391317835,77,4.02535169073515,1,1,0,0,0,0,1,0,0,0,0
15.050982029349582,3.9512437185814275,8.04195728184855,18.734993995195193,5.786897381366708,552,5.755742213586912,1,0,0,0,0,0,0,0,0,0,0
14.77102200299171,3.6635616461296463,7.990378829952548,21.540659228538015,5.666426688112432,116,4.867534450455582,1,1,0,0,0,0,0,0,0,0,0
14.845129975145433,3.828641396489095,8.266821813759215,19.493588689617926,4.23410650459726,96,5.4680601411351315,1,1,0,0,0,0,0,0,1,0,0
14.808762330974558,3.6375861597263857,8.717797887081348,22.60530911091463,4.5217885770490405,337,5.60947179518496,0,0,0,0,0,1,0,0,0,0,0
15.03928598958639,3.7954891891721947,9.301443647766957,21.563858652847824,5.8888779583328805,345,5.4638318050256105,0,1,0,0,0,0,0,0,0,0,0
15.60727002719233,4.2626798770413155,6.8546273051828095,21.236760581595302,5.537334267018537,149,4.6443908991413725,1,1,0,0,0,0,0,0,0,0,0
15.483217378522351,4.07753744390572,7.89282350028247,13.856406460551018,5.438079308923196,534,5.627621113690637,0,0,0,0,0,0,0,0,0,0,0
14.729799287167756,3.5263605246161616,8.55513655180288,19.595917942265423,4.430816798843313,69,5.365976015021851,1,0,1,0,0,0,0,0,1,0,0
14.71159858252091,3.4965075614664802,8.55513655180288,19.595917942265423,4.430816798843313,69,5.365976015021851,1,1,0,0,0,0,0,0,1,0,0
14.44144898883077,3.1780538303479458,9.117291264405235,13.527749258468683,5.393627546352362,487,5.575949103146316,0,0,0,0,0,0,0,0,0,0,0
14.806908762325234,3.5409593240373143,9.769814499892966,14.7648230602334,5.123963979403259,265,5.030437921392435,0,0,0,0,0,1,0,0,0,0,0
15.001828427051489,3.7376696182833684,9.274902130147224,18.76166303929372,5.135798437050262,94,4.5217885770490405,0,1,0,0,0,0,0,0,0,0,0
15.850216205802719,4.6443908991413725,7.248320995522913,21.118712081942874,5.332718793265369,377,5.991464547107982,1,1,0,0,0,0,0,0,0,0,0
14.905754596961867,3.6635616461296463,9.420381613479877,18.734993995195193,5.298317366548036,60,4.418840607796598,0,1,0,0,0,0,0,0,0,0,0
15.018482861956626,3.9318256327243257,8.198517321717983,20.37154878746336,5.19295685089021,348,5.529429087511423,0,0,0,0,0,1,0,0,0,0,0
14.793836680757881,3.4339872044851463,8.69718855973811,9.38083151964686,3.970291913552122,617,1.9459101490553132,1,1,0,0,0,0,0,0,0,0,0
15.69268290504046,4.465908118654584,7.568765216107032,18.547236990991408,5.327876168789581,273,6.040254711277414,1,1,0,0,0,0,0,0,0,0,0
14.925721982475736,3.6375861597263857,8.265758116938171,17.291616465790582,5.342334251964811,84,3.6888794541139363,1,0,0,0,0,0,0,0,0,1,0
14.626440774180603,3.295836866004329,9.04424682731518,19.0,4.890349128221754,58,4.836281906951478,1,1,0,0,0,0,0,0,0,1,0
14.799459938312244,3.4339872044851463,9.115017001971886,17.175564037317667,5.438079308923196,310,5.429345628954441,1,1,0,0,0,0,1,0,0,0,0
14.550279413215039,4.1666652238017265,8.96331887591409,18.466185312619388,5.605802066295998,510,5.733341276897746,1,1,0,0,0,0,1,0,0,0,0
14.71159858252091,3.4339872044851463,10.740086701958761,14.696938456699069,5.43372200355424,756,5.598421958998375,1,0,1,0,0,0,0,0,0,0,0
15.497269131978001,4.290459441148391,7.979425598168851,17.05872210923198,4.795790545596741,126,4.74493212836325,1,1,0,0,0,0,0,0,1,0,0
14.710781922614354,3.4657359027997265,9.008676373363626,20.174241001832016,5.198497031265826,57,4.852030263919617,1,1,0,0,0,0,0,0,1,0,0
14.772943233169604,3.6109179126442243,8.422796451964008,20.29778313018444,4.983606621708336,2,5.1647859739235145,1,1,0,0,0,0,0,0,1,0,0
15.367319357561739,4.0943445622221,8.502613977151052,11.532562594670797,4.890349128221754,717,5.10594547390058,1,1,0,0,0,0,0,0,0,0,0
15.404745763080856,4.255612709818223,8.885401207032189,15.620499351813308,5.198497031265826,317,4.700480365792417,0,0,0,0,0,1,0,0,0,0,0
14.85578726961942,3.8066624897703196,11.547005383792516,21.517434791350013,6.0014148779611505,182,5.659482215759621,0,0,0,0,0,0,0,0,0,0,0
14.845129975145433,3.713572066704308,9.247565149667194,21.517434791350013,5.918893854273146,271,5.529429087511423,0,0,0,0,0,0,0,0,0,0,0
14.845129975145433,3.713572066704308,8.568234015614973,19.0,5.318119993844216,236,5.056245805348308,0,1,0,0,0,0,0,0,0,0,0
15.009433026436708,3.912023005428146,8.581375181169975,17.349351572897472,5.2832037287379885,256,5.288267030694535,0,0,0,0,0,1,0,0,0,0,0
14.812459192855883,3.4657359027997265,9.275303229544575,13.564659966250536,5.236441962829949,440,5.231108616854587,0,0,0,0,0,0,0,0,0,0,0
14.626440774180603,3.4965075614664802,8.422796451964008,20.29778313018444,4.983606621708336,2,5.1647859739235145,1,0,1,0,0,0,0,0,1,0,0
15.155760980582757,3.871201010907891,9.115017001971886,17.175564037317667,5.438079308923196,310,5.429345628954441,1,1,0,0,0,0,0,0,0,0,0
15.250595083253597,3.9982007016691985,9.410125329430864,19.313207915827967,4.912654885736052,122,4.553876891600541,0,0,0,0,0,0,0,0,0,0,0
15.2203813046571,3.970291913552122,8.858425261478901,15.0996688705415,5.488937726156687,372,5.5254529391317835,0,0,0,0,0,0,0,0,0,0,0
14.812459192855883,4.04305126783455,8.682509136895895,26.324893162176366,6.364750756851911,553,6.637258031284457,0,1,0,0,1,0,0,0,0,0,0
16.17163641788635,4.543294782270004,7.561098648077371,16.431676725154983,5.529429087511423,407,5.771441123130016,0,0,0,1,0,0,0,0,0,0,0
14.669925886120343,3.367295829986474,8.755661032782855,21.2602916254693,5.564520407322694,121,4.8283137373023015,1,0,0,0,0,0,0,0,0,0,0
15.009433026436708,3.713572066704308,8.548336133331821,16.06237840420901,5.25227342804663,125,4.418840607796598,1,0,0,0,0,0,0,0,0,0,1
14.978661367769956,3.8501476017100584,8.519064977161895,21.540659228538015,5.82600010738045,297,5.655991810819852,0,0,0,0,0,0,0,0,0,0,0
14.845129975145433,3.5553480614894135,8.520474097117795,16.06237840420901,5.442417710521793,113,4.418840607796598,1,1,0,0,0,0,0,0,1,0,0
15.58195221920804,4.330733340286331,7.957598919699435,20.8806130178211,5.594711379601839,366,5.808142489980444,0,1,0,0,0,0,0,0,0,0,0
14.845129975145433,3.5553480614894135,8.5774869198428,17.146428199482248,5.5254529391317835,77,4.02535169073515,1,1,0,0,0,0,0,0,0,0,0
15.694975607611434,4.189654742026425,7.753786953560958,14.52583904633395,5.5134287461649825,551,5.697093486505405,0,0,0,1,0,0,0,0,0,0,0
14.930652148583594,3.7954891891721947,9.2286802591618,20.760539492026695,5.883322388488279,293,5.332718793265369,0,1,0,0,0,0,0,0,0,0,0
14.845129975145433,3.828641396489095,8.55513655180288,19.595917942265423,4.430816798843313,69,5.365976015021851,1,1,0,0,0,0,0,0,0,1,0
15.068273526459642,3.828641396489095,10.01283760959137,19.77371993328519,5.765191102784844,363,5.111987788356544,0,0,0,0,0,1,0,0,0,0,0
16.308716010566968,4.897839799950911,7.862626502790786,17.86057109949175,5.356586274672012,390,5.720311776607412,0,0,0,1,0,0,0,0,0,0,0
14.729799287167756,3.58351893845611,7.81962543541015,14.0,4.795790545596741,224,5.37989735354046,0,0,0,0,0,0,0,0,1,0,0
14.930652148583594,3.6109179126442243,8.594104249927845,11.180339887498949,4.532599493153256,701,4.406719247264253,0,0,0,0,0,0,1,0,0,0,0
15.103364846270912,3.828641396489095,7.6370681687373105,21.400934559032695,5.393627546352362,91,3.8066624897703196,1,0,1,0,0,0,0,0,0,0,0
14.917450636725059,3.7376696182833684,8.999966931156179,21.470910553583888,5.147494476813453,139,4.02535169073515,0,1,0,0,0,0,0,0,0,0,0
14.790070197962406,3.332204510175204,8.908253540479407,18.867962264113206,5.517452896464707,495,5.799092654460526,1,1,0,0,0,0,0,0,0,0,0
15.424948470398375,4.30406509320417,7.979487784593906,17.635192088548397,5.170483995038151,104,4.060443010546419,0,0,1,0,0,0,0,0,1,0,0
15.612257568703368,4.406719247264253,7.639754816650636,15.748015748023622,4.343805421853684,172,5.2574953720277815,1,1,0,0,0,0,0,0,1,0,0
14.85578726961942,3.4657359027997265,9.115017001971886,17.175564037317667,5.438079308923196,310,5.429345628954441,1,1,0,0,0,0,1,0,0,0,0
15.115702220030753,3.9512437185814275,8.995725480642287,21.748563170931547,5.8888779583328805,373,5.493061443340548,0,1,0,0,0,0,0,0,0,0,0
14.418185835360143,3.091042453358316,9.04424682731518,19.0,4.890349128221754,58,4.836281906951478,1,1,0,0,0,0,0,0,1,0,0
14.930652148583594,3.784189633918261,8.984024319168439,13.601470508735444,5.293304824724492,413,5.3471075307174685,0,1,0,0,0,0,0,0,0,0,0
14.946912669455374,3.979681653901961,8.423376462442919,23.473389188611005,6.063785208687608,410,6.523562306149512,0,0,0,0,1,0,0,0,0,0,0
15.009433026436708,3.7954891891721947,9.2286802591618,20.784609690826528,5.886104031450156,308,5.3230099791384085,0,0,0,0,0,0,0,0,0,0,0
15.189226136877304,3.8918202981106265,8.501275414516895,17.291616465790582,5.303304908059076,260,5.267858159063328,1,0,1,0,0,1,0,0,0,0,0
14.77102200299171,3.7495040759303713,8.949531699874514,23.643180835073778,6.20050917404269,472,6.493753839851686,0,1,0,0,1,0,0,0,0,0,0
14.797589030376432,3.5553480614894135,9.57078889120432,21.494185260204677,5.214935757608986,402,5.814130531825066,0,0,0,0,0,1,0,0,0,0,0
14.74767463899472,3.5263605246161616,8.520474097117795,16.06237840420901,5.442417710521793,113,4.418840607796598,1,1,0,0,0,0,0,0,1,0,0
15.636019440478314,4.31748811353631,8.250319119147184,15.905973720586866,4.477336814478207,161,5.135798437050262,1,1,0,0,0,0,0,0,0,1,0
14.845129975145433,3.979681653901961,8.744557720069446,25.219040425836983,6.100318952020064,432,6.628041376179533,0,1,0,0,1,0,0,0,0,0,0
14.75160391713461,3.7376696182833684,9.001322654133087,27.313000567495326,6.423246963533519,564,6.695798917058491,0,1,0,0,1,0,0,0,0,0,0
15.110237725558674,4.110873864173311,9.153517643283463,16.431676725154983,5.313205979041787,170,4.59511985013459,1,1,0,0,0,0,0,0,1,0,0
15.088076153755821,3.8501476017100584,8.421679218010137,21.283796653792763,5.017279836814924,394,5.805134968916488,1,0,0,0,0,1,0,0,0,0,0
15.984564258333798,4.591071261608589,8.170967255004326,15.84297951775486,5.560681631015528,368,5.652489180268651,1,1,0,1,0,0,0,0,0,0,0
14.73180128983843,3.7376696182833684,9.001322654133087,27.073972741361768,6.398594934535208,568,6.68586094706836,0,1,0,0,1,0,0,0,0,0,0
15.079637285109957,3.8918202981106265,7.606388292556648,16.06237840420901,5.605802066295998,790,5.7430031878094825,0,1,0,0,0,0,0,0,0,0,0
14.830741237693333,3.4339872044851463,9.115017001971886,17.175564037317667,5.438079308923196,310,5.429345628954441,1,0,0,0,0,0,0,0,0,0,0
14.703401815316731,3.4657359027997265,9.008676373363626,20.174241001832016,5.198497031265826,57,4.852030263919617,0,0,0,0,0,0,0,0,1,0,0
14.930652148583594,3.828641396489095,9.024122262508175,21.61018278497431,5.924255797414532,448,5.6240175061873385,0,1,0,0,0,0,0,0,0,0,0
14.590237725516642,3.1780538303479458,10.208248298965563,21.047565179849187,3.713572066704308,210,5.017279836814924,0,0,0,0,0,1,0,0,0,0,0
15.02447090380125,3.7954891891721947,9.2286802591618,21.470910553583888,5.8971538676367405,301,5.476463551931511,0,0,0,0,0,0,0,0,0,0,0
15.001828427051489,3.6888794541139363,7.95455844154784,22.11334438749598,2.3978952727983707,250,5.198497031265826,0,0,0,0,0,1,0,0,0,0,0
15.318476225887858,4.01096295328305,8.55513655180288,19.595917942265423,4.430816798843313,69,5.365976015021851,1,1,1,0,0,0,0,0,1,0,0
14.346138809026444,3.295836866004329,7.950366867845365,22.135943621178654,5.796057750765372,304,6.35088571671474,0,0,0,0,1,0,0,0,0,0,0
15.747031969567487,4.5217885770490405,7.528929712030498,22.22611077089287,5.659482215759621,126,4.74493212836325,1,1,0,0,0,0,0,0,0,0,0
14.799459938312244,3.4965075614664802,8.520474097117795,16.06237840420901,5.442417710521793,113,4.418840607796598,1,1,0,0,0,0,0,0,0,1,0
15.226497531674536,4.04305126783455,9.083433928301815,21.213203435596427,4.897839799950911,333,5.66988092298052,0,1,0,0,0,1,0,0,0,0,0
14.808762330974558,3.5409593240373143,9.769814499892966,15.491933384829668,5.25227342804663,256,5.111987788356544,0,0,0,0,0,1,0,0,0,0,0
14.703401815316731,3.6109179126442243,8.422796451964008,20.29778313018444,4.983606621708336,2,5.1647859739235145,1,1,0,0,0,0,0,0,0,1,0
15.710127412632037,4.356708826689592,8.250319119147184,15.905973720586866,4.477336814478207,161,5.135798437050262,1,1,0,0,0,0,0,0,0,1,0
14.848695041309929,3.828641396489095,8.55513655180288,19.595917942265423,4.430816798843313,69,5.365976015021851,1,1,0,0,0,0,0,0,0,1,0
14.780591454007862,3.828641396489095,8.422796451964008,20.29778313018444,4.983606621708336,2,5.1647859739235145,1,1,0,0,0,0,0,0,0,1,0
14.970818190308929,3.58351893845611,8.341662504161466,17.320508075688775,5.402677381872279,386,5.703782474656201,0,0,0,1,0,0,0,0,0,0,0
14.769097074582126,3.4339872044851463,8.747349829077265,14.247806848775006,5.318119993844216,436,5.2832037287379885,0,0,0,0,0,0,0,0,0,0,0
14.825291632925769,3.828641396489095,8.55513655180288,19.595917942265423,4.430816798843313,69,5.365976015021851,1,1,0,0,0,0,0,0,1,0,0
14.739769459487606,3.7376696182833684,9.001322654133087,26.60826939130014,6.349138991379798,559,6.664409020350408,0,1,0,0,1,0,0,0,0,0,0
15.02447090380125,3.676300671907076,7.095693113395877,18.708286933869708,5.159055299214529,271,5.225746673713202,1,1,0,0,0,0,0,0,0,0,0
15.38412647587812,4.23410650459726,8.755950357709132,20.663978319771825,5.5134287461649825,99,4.59511985013459,1,0,0,0,0,0,0,0,0,0,0
15.58195221920804,4.219507705176107,8.836754794273611,18.275666882497067,5.7430031878094825,550,5.700443573390687,0,1,0,0,0,0,0,0,0,0,0
15.84365880525656,4.442651256490317,7.0992957397195395,14.247806848775006,4.990432586778736,154,4.812184355372417,1,1,0,0,0,0,0,0,1,0,0
15.501909511534503,4.375757021660286,9.141045979637576,17.86057109949175,5.556828061699537,121,5.123963979403259,1,1,0,0,0,0,0,0,0,1,0
14.962913010801817,4.02535169073515,8.5638359228961,26.814175355583846,6.4692503167957724,506,6.638567789166521,0,1,0,0,1,0,0,0,0,0,0
15.129234226249329,3.9318256327243257,9.109357395385404,17.4928556845359,5.4680601411351315,350,4.624972813284271,0,0,0,0,0,1,0,0,0,0,0
15.092269032015858,3.8066624897703196,7.6370681687373105,21.400934559032695,5.393627546352362,91,3.8066624897703196,1,1,0,0,0,0,0,0,0,0,0
15.362008670624501,4.0943445622221,6.1549438123620055,20.09975124224178,5.3471075307174685,46,3.6635616461296463,1,1,0,0,0,0,1,0,0,0,0
15.564710412773533,4.097672352314776,8.69718855973811,9.38083151964686,3.970291913552122,617,1.9459101490553132,1,1,0,0,0,0,1,0,0,0,0
14.970818190308929,3.7954891891721947,9.2286802591618,20.784609690826528,5.886104031450156,308,5.3230099791384085,0,0,0,0,0,0,0,0,0,0,0
15.837058121225207,4.51085950651685,7.192028554258855,13.892443989449804,5.337538079701318,732,5.521460917862246,1,1,0,0,0,0,0,0,0,0,0
14.834357878163521,3.5263605246161616,7.100124273974531,12.727922061357855,4.718498871295094,178,4.9344739331306915,1,0,0,0,0,0,0,0,1,0,0
14.823468478364253,3.5553480614894135,7.91021039994693,20.97617696340303,5.648974238161206,357,5.7745515455444085,0,0,0,0,0,0,0,0,0,0,0
14.92242164944708,3.713572066704308,8.089439065240796,20.346989949375804,5.093750200806762,389,5.733341276897746,0,0,0,0,0,1,0,0,0,0,0
14.819812167161142,3.6109179126442243,8.5774869198428,17.146428199482248,5.5254529391317835,77,4.02535169073515,1,1,0,0,0,0,1,0,0,0,0
15.702580206996654,4.48863636973214,8.03783189504693,21.72556098240043,6.035481432524756,194,5.14166355650266,1,1,0,0,0,0,0,0,0,0,1
15.89495209964411,4.465908118654584,8.908253540479407,18.867962264113206,5.517452896464707,495,5.799092654460526,1,1,0,0,0,0,0,0,0,0,0
14.887094174244465,3.5553480614894135,9.57078889120432,18.439088914585774,5.568344503761097,369,5.030437921392435,0,0,0,0,0,1,0,0,0,0,0
15.424948470398375,4.060443010546419,6.935944606627629,12.206555615733702,4.804021044733257,733,4.762173934797756,0,0,0,0,0,0,0,0,0,0,0
14.808762330974558,3.4011973816621555,8.520474097117795,16.06237840420901,5.442417710521793,113,4.418840607796598,1,1,0,0,0,0,0,0,0,0,1
14.845129975145433,3.5553480614894135,9.330293991344124,20.97617696340303,5.267858159063328,376,5.58724865840025,0,1,0,0,0,1,0,0,0,0,0
14.848695041309929,3.8066624897703196,7.568765216107032,18.547236990991408,5.327876168789581,273,6.040254711277414,1,1,0,0,0,0,0,0,0,0,0
15.901182649394746,4.624972813284271,8.198517321717983,15.84297951775486,5.267858159063328,288,4.941642422609304,0,0,0,0,0,1,0,0,0,0,0
14.753954094479562,3.4657359027997265,9.04424682731518,19.0,4.890349128221754,58,4.836281906951478,1,0,0,0,0,0,0,0,0,1,0
15.176487111099874,4.127134385045092,7.768837667867531,19.79898987322333,5.8944028342648505,526,5.846438775057725,0,0,0,0,0,0,0,0,0,0,0
14.774860779298876,3.8066624897703196,8.349318002753945,24.657656011875904,6.267200548541362,509,6.54534966033442,0,1,0,0,1,0,0,0,0,0,0
14.914122846632385,4.135166556742356,8.904134595974266,14.142135623730951,5.093750200806762,726,4.795790545596741,1,1,0,0,0,0,0,0,0,0,0
15.250595083253597,3.970291913552122,9.250191226988179,16.703293088490067,5.58724865840025,314,5.472270673671475,0,1,0,0,0,0,0,0,0,0,0
14.994165554305921,3.9889840465642745,8.266821813759215,19.493588689617926,4.23410650459726,96,5.4680601411351315,1,1,0,0,0,0,0,0,1,0,0
14.925721982475736,3.5553480614894135,9.57078889120432,18.627936010197157,5.616771097666572,331,4.795790545596741,0,0,0,0,0,1,0,0,0,0,0
15.110237725558674,3.871201010907891,9.590576972563573,15.905973720586866,5.560681631015528,397,5.7430031878094825,0,0,0,0,0,0,0,0,0,0,0
14.688893788827153,3.5263605246161616,8.55513655180288,19.595917942265423,4.430816798843313,69,5.365976015021851,0,1,0,0,0,0,0,0,1,0,0
14.808762330974558,3.7495040759303713,8.643256466919235,22.847319317591726,6.142037405587356,464,6.444131256700441,0,0,0,0,1,0,0,0,0,0,0
14.774860779298876,3.7495040759303713,8.949531699874514,24.899799195977465,6.208590026096629,480,6.582025138892826,0,0,0,0,1,0,0,0,0,0,0
15.277607882499666,4.2626798770413155,8.55513655180288,19.595917942265423,4.430816798843313,69,5.365976015021851,1,1,0,0,0,0,0,0,0,0,1
15.150511624696614,3.970291913552122,8.984024319168439,13.601470508735444,5.293304824724492,413,5.3471075307174685,0,1,0,0,0,0,1,0,0,0,0
14.808762330974558,3.5409593240373143,9.769814499892966,18.841443681416774,4.90527477843843,238,5.375278407684165,0,0,0,0,0,1,0,0,0,0,0
14.914122846632385,3.6635616461296463,7.979487784593906,17.635192088548397,5.170483995038151,104,4.060443010546419,1,1,0,0,0,0,0,0,1,0,0
14.946912669455374,3.8066624897703196,8.755950357709132,20.663978319771825,5.5134287461649825,99,4.59511985013459,0,0,0,0,0,0,0,0,0,0,0
14.834357878163521,3.5553480614894135,9.57078889120432,19.313207915827967,5.4638318050256105,368,5.25227342804663,0,0,0,0,0,1,0,0,0,0,0
15.02447090380125,3.784189633918261,8.6103135831397,10.44030650891055,4.48863636973214,564,4.174387269895637,0,0,0,0,0,0,0,0,0,0,0
14.845129975145433,3.979681653901961,8.918111362860067,23.15167380558045,6.052089168924417,404,6.502790045915623,0,1,0,0,1,0,0,0,0,0,0
14.930652148583594,3.6888794541139363,8.999966931156179,21.470910553583888,5.147494476813453,139,4.02535169073515,0,0,0,0,0,0,0,0,0,0,0
15.452563637431348,4.1588830833596715,8.297213387638045,19.72308292331602,5.5909869805108565,459,5.872117789475416,0,0,0,0,0,0,0,0,0,0,0
15.330637790927133,4.02535169073515,7.6370681687373105,21.400934559032695,5.393627546352362,91,3.8066624897703196,1,0,1,0,0,0,0,0,0,0,0
15.009433026436708,3.828641396489095,8.55513655180288,19.595917942265423,4.430816798843313,69,5.365976015021851,0,1,0,0,0,0,0,0,0,0,1
15.046612029678462,3.8501476017100584,8.519064977161895,21.540659228538015,5.82600010738045,297,5.655991810819852,0,1,0,0,0,0,0,0,0,0,0
14.953343559785665,3.784189633918261,8.929012976094992,17.663521732655695,5.752572638825633,292,5.442417710521793,0,1,0,0,0,0,0,0,0,0,0
14.77102200299171,3.6635616461296463,7.990378829952548,21.540659228538015,5.666426688112432,116,4.867534450455582,1,1,0,0,0,0,0,0,0,0,0
14.862829552244833,3.828641396489095,9.075768023555433,19.261360284258224,5.924255797414532,211,4.74493212836325,1,0,1,0,0,0,0,0,1,0,0
15.175204237286986,4.110873864173311,8.360921471935361,21.330729007701542,5.996452088619021,208,5.0689042022202315,1,1,0,0,0,0,0,0,0,1,0
15.758559474738556,4.388257184424518,7.89282350028247,13.856406460551018,5.438079308923196,534,5.627621113690637,0,0,0,1,0,0,0,0,0,0,0
16.213405830762646,4.736198448394496,8.006576244431495,16.431676725154983,5.54907608489522,416,5.799092654460526,0,0,0,1,0,0,0,0,0,0,0
14.75160391713461,3.5263605246161616,8.266821813759215,19.493588689617926,4.23410650459726,96,5.4680601411351315,1,1,0,0,0,0,0,0,1,0,0
15.728749924730039,4.382026634673881,7.229280738773395,13.92838827718412,5.187385805840755,786,5.241747015059643,0,0,0,0,0,0,0,0,0,0,0
15.096444403426338,3.9318256327243257,9.109357395385404,18.193405398660254,5.560681631015528,344,4.736198448394496,0,0,0,0,0,1,0,0,0,0,0
